#{"t_start": 1657254596.2600942, "env_id": "RG-v0"}
r,l,t
-142.333333,200,1.289-145.-190.75,200,1.553-136.5,20-130.416667,-96.833333,1-1-150.083333-132.5,190,2.571558
-185.0,200,2.854092
-174.833333,200,3.129232
-226.083333,200,3.42252
-144.33333-197.583333,200--121.75,20-186.75,200,-174.333-178.333333,200,6.-201.916-234.25,200,6.9280--181.333333,200,7.3343-180-101.083333,191,7-165.6666-197.083333,200,7-63.33333-88.916667,123,8-205.833-136.583333,200,8.-193.166-201.666667,200,8.-188.5,2-152.0,200,8.-59.25,-160.666667,1-175.75,200,9-47.83333-191.583333,200-199.666667,-142.5,184,12.9-193.08-131.5,200,13.311156-1-52.166667,92,13.4493-69.-97.0,160,13.666862
-76.916667,120,13.8-184.3-124.0,200,14.076896
-154.833333,200,14.381931
-111.583333,200,14.747236
-168.5,200,15.046261
-158.0,200,15.320258
-191.25,200,15.664498
-94.916667,200,16.043759
-89.583333,112,18.273525
-32.166667,45,18.362474
-199.166667,200,18.733743
-31.-118.916667,200-171.833333-170.25,200,19.5-141.833333,193,19.587874
-85.416667,153,19.855011
-109.0,200,20.153174
-101.416667,184,20.416924
-223.25,200,20.725015
-87.833333,101,20.868827
-174.833333,200,21.231002
-192.333333,200,21.517799
-157.5,200,23.472841
-34.166667,67,23.583099
-159.083333,200,23.961037
-64.166667,106,24.1735-112-37.416667,64,24.-73.75,170,24.831628
-21.3333-14-128.75,200,24-180.5833-5-142.5,200,25.16-15-12-1-207.666667,200,25.-10-10-183.75,200,25.764806-7-222.666667,200,26.-158.333-78.166667,138,26.2-103.08-127.583333,200,26.5-87.33-168.916667,200,29.3-68.833-83.916667,152,29.5-191.25-63.416667,79,29-52.6666-71.333333,145,30.-88.75,188,30.057682
-5-105.583333,191,30.524081
-62-10-91.0,186,30.85-53.25-88-107.333333,1-56.25,102,31-177.083333,200,31.102043
-36.0,68,31.1963-122-124.25,200,31.468893
-64.916667,119,31.645134--21.833333,40,31.6991-61.4-157.416667,200,31.7--73.91-91.75,181,31.991128-4-71.333333,144,32.-91.4166-21.333333,43,36.4--62.416667,154,36.987852
-38.666667,78,37.112576
-61.083333,89,37.2508-57.916667,107,37.034302
--77.0,127,37.567517
-57.75,117,37.73579
-91.083333,178,37.992167
-28.083333,65,38.084051
-28.833333,58,38.167895
-53.5,117,38.331822
-20.583333-53.75,118,38.1-51.666-50.166667,73,38.2-43.25,-19.833333,51,-57.666667,125,38.833037
-34.25,82,38.960488
-47.916667,105,39.121191
-28.333333,44,39.189484
-41.0,117,38.986719
-27.5,55,39.07108
-45.583333,105,39.225296
-21.25,31,39.267421
-15.66666-40.083333,74,39-12.0,22,-42.916667,70,41.845867
-18.25-25.5,52,41.588-23.7-33.916667,61,41.744866
-39.333333,79,42.068682
-14.166667,38,42.166184
-19.583333,4-31.5,112,42.-32.0833-24.583333,58,42.-23.6666-13.583333,27,42.-57.916667,111,42.61619
-14.666667,32,42.662188
-20.416-47.666667,122,43.-32.25,81,42.87444
-33.0,82,43.002499
-18.5,42,43.071368
-29.25,68,43.185522
-21.916667,34,43.247371
-34.333333,51,43.332974
-20.333333,35,43-54.66666-44.833333,60,43.-22.6666-23.416667,49,43.--50.0,1-26.666667,5-28.416667,59-23.833333,-29.5,72,44.042098
-28.333333,50,44.120546
-42.666667,87,44.265134
-36.166667,86,44.457371
-38.5,75,44.790642
-15.083333,32,44.879102
-17.25,48,45.026417
-15.833333,30,45.1-28.25,-15.833333,46,-41.75,75,45.606583
-19.083333,-33.833333,89,-22.666667,-29.083333,78,45.946788
-23.25,53,46.0-45.916-17.333333,30,46.-26.333333,90,48.736483
-18.25,35,48.791512
-30.666667,66,48.926354
-17.75,37,49.019661
-19.166667,54,49.121597
-10.75,25,49.169656
-14.583333,39,49.254868
-24.833333,84,49.428823
-31.666667,57,49.531499
-24.0,47,49.6071
-23.583333,82,49.719168
-22.333333,42,49.782115
-17.0,58,49.867807
-34.083333,58,49.950236
-22.583333,42,50.009152
-9.833333,19,50.036146
-13.666667,28,50.075365
-18.916667,35,50.131968
-16.5,43,50.195-42.7-10.916667,23,50-25.58333-25.333333,68,50-22.16666-20.166667,39,50-16.41666-15.333333,28,-2-20.41666-27.5833-40.833333,186,50.418198
-18.5,45,50.492533--31.333333,72,50.608762
-28.666667,104,50.773708
-29.5,48,50.847843
-23.0,43,50.912707
-34.916667,108,51.079222
-20.416667,54,51.164127
-12.5,30,51.20906
-10.916667,23,51.24037
-22.25,49,51.321233
-22.666667,49,51.391321
-23.75,47,51.460095
-17.166667,3-17.833333,73-22.916667,72,51.616668
-22.5,68,51.718158
-19.75,54,54.262199
-10.166667,36,54.324417
-21.916667,57,54.411503
-21.833333,73,54.525638
-19.916667,40,54.587158
-11.0,23,54.622368
-18.666667,40,54.678007
-16.416667,31,54.721559
-15.083333,38,54.77621
-13.0,32,54.82325
-10.75,26,54.863162
-11.833333,26,54.903244
-12.666667,23,54.937773-20.916667,51,54.83746
-17.0,46,54.912674
-9.083333,23,54.954529
-23.666667,73,55.068748
-18.833333,45,55.13186
-11.916667,26,55.168592
-12.583333,28,55.213236
-25.583333,49,55.284989
-17.333333,65,55.390254
-12.083333,37,55.449068
-12.166667,23,55.483124
-22.666667,48,-32.0,77,55-16.83333-12.833333,31,55-11.91666-15.166667,43,55-15.1666-12.583333,26,55.-22.916-16.916667,40,55.9-19.833-31.0,76,56.041271
-14.166667,37,56.10113-20.083333,79,55.991008
-14-13.166667,53,56.21828-16-1-43.0,102,56.511492
-1-21.833333,59,56.-17.5-15-19.0,39,56-18.5,3-1-19.75,58,56.48619-1-21.583333,50,56.562725-1-32.75,72,56.673169
-14.916667,42,56.733443
-9.5,21,56.764664
-7.083333,16,56.787001
-17.583333,46,5-16.75,54,-18.166667,-29.0,72,56.813617
-9.166667,21,56-13.66666-23.75,60,56.939208
-12.416667,23,56.979805
-15.25,47,57.052575
-29.5,53,57.128492
-17.166667,35,57.180508
-13.083333,46,64.754389
-16.666667,45,64.820871
-9.083333,20,64.849842
-12.166667,34,64.900779
-12.833333,24,64.997508
-11.083333,24,65.039766
-12.75,25,65.077887
-14.916667,28,65.119243
-6.833333,16,65.143
-10.666667,21,65.172609
-17.916667,55,65.249273
-15.5,51,65.324232
-15.583333,55,65.412149
-10.166667,33,65.478412
-8.916667,21,65.514639
-8.0,16,65.538487
-8.25,24,65.576723
-18.583333,38,65.65405
-15.666667,41,65.725615
-7.0,15-17.916667,6-9.5,34,65.80-11.83-16.5,29,65.851599--13.916667,37,65.904652--11.416667,27,65.94-8.083-13.583333,36,66.0-19.5,4-13.833333,3-10.833333,30-8.75,20,66-7.833333-9.75,33,66.127951
-13.666667,30,66.173557
-10.833333,24,6-15.333333-11.0,24,66.256-6.66-37.916667,151,66.532008
-9.333333,24,66.567903
-8.166667,25,66.60683
-12.333333,32,66.659645
-9.75,30,66.713219
-10.833333,27,66.761536
-10.0,25,66.80411
-14.333333,32,66.859326
-15.833333,28,66.908935
-8.583333,21,66.947912-1-13.0,25,66.985129
-24.25,67,67.081647
-14.25,41,67.147528
-10.25,25,67.182863
-9.5,24,67.221557
-7.916667,21,67.254792
-13.833333,26,67.295009
-11.166667,30,67.340447
-8.0,20,67.371288
-9.75,22,67.4-13.416-20.25,42,67.46436-1-12.333333,28,67.507876-9-9.083333,18,67.53-11.75-16.333333,31,6-13.5,26,6-10.083333-9.333333,25,67-12.5,27-19.166667,43,67.990547
-12.25,29,6-15.75,58,-12.25,24,6-14.083333-18.5,49,68.134-15.75,70,67.923804
-8.333333,28,67.968954
-1-16.0,39,68.306939
-8.-13.583333,32,70.-14.666667,29,71.175983
-12.833333,29,71.252835
-11.083333,23,71.328482
-17.333333,34,71.409832
-10.75,25,71.477217
-31.083333,51,71.587325
-12.666667,26,71.656186
-16.666667,31,71.718224
-9.916667,25,71.765415
-16.083333,43,71.83851
-13.833333,30,71.8868-18.166667,43,71.669358
-9.75,26,71.707812
-15.25,41,71.769242
-16.666667,36,71.826528
-11.25,21,71.860966
-9.416667,33,71.914046
-6.583333,16,71.940895
-18.25,38,71.997413
-16.916667,47,72.072469
-10.0,29,72.11939
-8.166667,32,72.168996
-11.833333,28,72.214689
-18.916667,40,72.279649
-14.0,31,72.330463
-4.916667,12,72.349994
-13.916667,50,72.429433
-8.416667,18,72.457139
-15.0,43,72.52324
-18.25,34,72.576594
-11.833333,26,72.614393
-9.666667,21,72.648545
-15.333333,28,72.693156
-8.083333,22,72.728685
-16.333333,37,72.78811
-10.25,22,72.824652
-14.0,34,72.877011
-7.166667,17,72.902182
-14.083333,25,72.941798
-11.25,27,72.982483
-11.75,30,73.02404
-13.75,35,73.077328
-9.833333,27,73.117186
-11.083333,24,73.155449
-12.0,32,73.204654
-9.583333,25,73.242793
-7.166667,20,73.271556
-6.166667,16,73.294202
-8.75,24,73.331209
-9.166667,23,73.364315
-8.333333,18,73.390623
-11.25,35,73.446177
-14.416667,29,73.491229
-12.5,31,73.539021
-7.0,16,73.563909
-8.66666-29.5,93,73.7874-17.-10.416667,28,73.831-11.25,30,73.72584
-7.5,-10.416667,32,-13.083333,-15.083333,46,-9.583333,2-17.333333,75,74.087759
-12.083333,24,74.126036
-9.0,31,74.172093
-16.25,47,74.240495
-11.0,32,74.291909
-12.416667,31,74.349986
-8.916667,24,81.336009
-12.0,33,81.388117
-9.916667,30,81.43026
-18.0,36,81.483013
-11.583333,46,81.547042
-6.916667,17,81.570933
-11.083333,24,81.604827
-9.666667,24,81.640581
-6.166667,18,81.665786
-13.583333,27,81.703513
-7.75,19,81.73038
-7.416667,18,81.756943
-14.916667,33,81.808261
-10.666667,27,81.849783
-13.25,37,81.903381
-9.166667,19,81.930633
-7.166667,19,81.958046
-10.583333,33,82.005836
-6.083333,15,82.028019
-9.833333,27,82.069107
-9.083333,27,82.111007
-11.25,26,82.151392
-7.25,22,82.18595
-13.416667,49,82.253644
-6.083333,16,82.275583
-9.916667,22,82.309684
-10.416667,23,82.343751
-8.083333,18,82.369729
-11.25,27,82.408185
-11.166667,25,82.441808
-17.583333,38,82.501718
-10.75,30,82.5467
-10.0,33,82.593328
-11.916667,40,82.652172
-5.0,15,82.67487
-10.0,23,82.711886
-6.75,15,82.735235
-15.083333,36,82.785503
-11.333333,27,82.824091
-8.916667,25,82.863619
-11.166667,24,82.901059
-12.5,24,82.937925
-10.166667,27,82.977777
-9.166667,20,83.005596
-7.25,33,83.054379
-6.333333,17,83.081678
-8.416667,18,83.108605
-13.083333,31,83.152933
-11.583333,28,83.195304
-8.333333,19,83.225135
-8.333333,26,83.265755
-10.666667,29,83.306212
-6.583333,22,83.336982
-12.833333,61,83.423503
-11.916667,30,83.466163
-10.75,25,83.503966
-10.416667,22,83.537793
-13.166667,27,83.574697
-10.833333,25,83.611226
-10.166667,28,83.654818
-7.416667,18,83.682874
-8.666667,18,83.710207
-9.083333,27,83.753007
-6.166667,16,83.77859
-8.916667,18,83.807129
-11.666667,26,83.847307
-10.0,26,83.886717
-8.333333,20,83.913934
-7.666667,18,83.9424
-7.666667,22,83.97738
-10.916667,23,84.012898
-9.5,25,84.049292
-8.583333,18,84.074219
-12.916667,35,84.127478
-9.333333,21,84.16043
-8.583333,20,84.1875
-8.5,22,84.216717
-11.416667,23,84.250569
-9.166667,30,84.295375
-12.0,30,84.336596
-8.333333,25,91.272134
-6.0,17,91.300193
-9.083333,22,91.332491
-15.0,35,91.383406
-10.916667,28,91.423778
-9.166667,24,91.45812
-11.833333,29,91.499982
-9.25,21,91.530038
-9.083333,20,91.559026
-12.583333,35,91.615367
-15.5,36,91.670188
-9.0,19,91.695733
-9.583333,21,91.724923
-11.833333,30,91.767338
-7.416667,17,91.793701
-6.333333,15,91.81764
-7.25,16,91.842549
-10.083333,25,91.882247
-12.166667,26,91.920134
-9.75,18,91.945052
-7.0,18,91.969818
-8.833333,21,92.000962
-11.333333,24,92.039235
-7.416667,20,92.070215
-10.583333,27,92.111962
-8.0,17,92.137554
-7.416667,17,92.16478
-8.5,18,92.193359
-8.75,21,92.226474
-11.25,32,92.276239
-13.416667,27,92.318336
-12.333333,26,92.354342
-6.75,15,92.376763
-7.583333,16,92.401442
-9.333333,19,92.42922
-6.0,14,92.447853
-11.083333,24,92.480516
-10.583333,26,92.51862
-6.5,19,92.546366
-8.583333,21,92.577779
-16.25,30,92.626512
-7.0,17,92.651227
-14.083333,24,92.685461
-12.916667,36,92.737464
-11.416667,29,92.779429
-8.5,20,92.808661
-12.833333,25,92.844864
-6.25,14,92.865111
-10.583333,25,92.90098
-8.5,25,92.937355
-9.416667,21,92.968039
-8.25,26,93.007777
-6.333333,17,93.034552
-8.083333,19,93.063931
-9.416667,22,93.097018
-9.916667,26,93.136703
-7.5,20,93.167944
-5.833333,16,93.19286
-6.75,14,93.213336
-7.583333,18,93.242148
-8.0,21,93.271977
-10.083333,22,93.306178
-12.5,25,93.342372
-6.083333,18,93.366539
-9.916667,22,93.397225
-10.166667,23,93.429795
-12.833333,30,93.472158
-9.166667,26,93.508373
-11.416667,23,93.543396
-11.916667,26,93.583931
-11.583333,25,93.625298
-11.666667,24,93.661288
-10.833333,24,93.699529
-10.416667,27,93.742269
-10.333333,31,93.787665
-8.916667,22,93.816861
-15.333333,47,93.88391
-9.166667,22,93.919134
-10.083333,21,93.952876
-12.166667,31,94.000878
-5.916667,14,94.022129
-8.25,22,94.056999
-8.583333,20,94.085366
-8.333333,30,94.126287
-6.833333,20,94.154366
-16.75,41,94.213593
-10.0,23,94.248731
-9.833333,20,94.27589
-5.833333,15,101.303677
-7.0,21,101.335247
-9.333333,22,101.368773
-12.166667,36,101.422117
-10.5,23,101.456236
-5.333333,17,101.479962
-10.5,27,101.516425
-9.083333,32,101.561137
-12.666667,30,101.605907
-5.916667,14,101.627712
-8.583333,20,101.658591
-10.25,26,101.699239
-7.0,16,101.722071
-8.666667,22,101.752425
-11.833333,24,101.786161
-8.75,22,101.816701
-9.25,19,101.845936
-11.416667,23,101.881841
-8.666667,20,101.911229
-5.333333,14,101.931305
-9.833333,24,101.965713
-8.583333,24,101.999958
-11.5,28,102.041438
-6.416667,15,102.065062
-8.0,21,102.0976
-10.166667,24,102.132377
-6.916667,24,102.166009
-7.833333,22,102.196995
-8.333333,16,102.220163
-6.333333,15,102.242064
-7.75,19,102.269207
-13.5,26,102.310043
-10.666667,28,102.351947
-8.25,20,102.380827
-7.25,21,102.412428
-9.583333,21,102.444181
-10.5,25,102.479346
-9.0,27,102.517648
-8.666667,20,102.548022
-7.5,22,102.582411
-8.666667,21,102.613492
-16.833333,32,102.659042
-14.75,28,102.700847
-9.0,20,102.729317
-8.166667,27,102.772261
-15.0,29,102.816795
-8.416667,24,102.854151
-7.833333,20,102.88536
-11.416667,33,102.934417
-6.916667,17,102.957296
-7.666667,19,102.983329
-6.333333,15,103.003926
-8.25,31,103.051064
-8.166667,19,103.081407
-6.75,15,103.104442
-8.583333,21,103.133804
-7.333333,15,103.154676
-7.333333,19,103.181569
-7.75,19,103.208481
-6.916667,17,103.23336
-7.25,16,103.259469
-10.0,23,103.292519
-7.583333,18,103.318175
-12.416667,27,103.360634
-9.083333,21,103.391853
-12.083333,27,103.429556
-12.333333,27,103.468501
-9.5,24,103.503196
-12.666667,40,103.560602
-8.583333,20,103.589039
-12.166667,26,103.626028
-11.916667,25,103.661337
-8.833333,19,103.688476
-7.833333,21,103.72971
-9.5,30,103.774361
-12.833333,27,103.814873
-7.833333,17,103.838512
-10.583333,21,103.867963
-11.75,25,103.906129
-9.25,21,103.939356
-8.666667,17,103.96562
-7.916667,23,104.000226
-9.166667,22,104.031526
-9.666667,25,104.066494
-9.333333,24,104.104603
-14.333333,42,104.166262
-9.25,23,104.2003
-8.833333,21,104.230226
-10.666667,26,104.267453
-9.333333,23,104.300471
-14.25,32,111.68177
-7.833333,17,111.709104
-10.333333,27,111.751705
-7.666667,18,111.779416
-7.333333,16,111.803607
-8.666667,20,111.833608
-7.833333,19,111.859463
-7.5,17,111.883166
-8.75,22,111.913497
-6.416667,18,111.938938
-8.666667,22,111.970215
-8.75,19,111.997543
-10.5,26,112.035011
-8.083333,21,112.06498
-8.166667,18,112.090483
-8.333333,18,112.116087
-9.916667,19,112.14355
-6.916667,20,112.175446
-7.333333,16,112.197272
-5.666667,16,112.219916
-7.333333,17,112.2447
-8.0,18,112.273699
-9.583333,22,112.308848
-4.583333,11,112.323647
-9.583333,20,112.350656
-6.916667,19,112.376611
-7.083333,16,112.398837
-7.5,18,112.424672
-8.333333,20,112.454178
-11.416667,23,112.490185
-11.75,29,112.535418
-7.833333,20,112.563818
-6.166667,15,112.587456
-8.75,20,112.616761
-10.333333,22,112.648559
-8.25,19,112.675978
-7.75,19,112.703391
-9.5,20,112.735002
-12.25,27,112.774612
-7.333333,17,112.799568
-6.25,16,112.824784
-10.75,23,112.860763
-9.833333,25,112.898527
-7.5,19,112.923721
-6.333333,14,112.942764
-6.333333,17,112.968787
-9.25,21,113.001177
-7.166667,20,113.029491
-9.833333,21,113.061242
-6.166667,15,113.084753
-9.0,23,113.118267
-7.833333,17,113.140988
-5.416667,12,113.157935
-6.666667,15,113.178931
-8.0,20,113.206938
-5.833333,15,113.228425
-7.916667,20,113.256976
-10.416667,26,113.29652
-7.083333,19,113.326689
-7.416667,18,113.354839
-6.5,16,113.380149
-8.5,29,113.426434
-11.5,28,113.469974
-6.416667,16,113.492405
-8.583333,20,113.520622
-6.5,15,113.542075
-9.416667,21,113.570796
-7.916667,19,113.597479
-11.0,24,113.630797
-11.0,23,113.666239
-7.583333,18,113.694924
-8.333333,17,113.719441
-8.0,25,113.754747
-10.5,27,113.793669
-12.666667,28,113.833714
-4.75,12,113.851964
-11.916667,27,113.892139
-10.583333,23,113.923666
-14.0,32,113.968301
-8.75,19,113.994716
-11.833333,28,114.033703
-8.666667,32,114.07998
-16.0,31,114.124882
-8.25,23,114.158494
-12.333333,22,114.190363
-9.5,23,114.223589
-8.333333,18,114.249817
-5.666667,14,114.270031
-5.5,14,114.291492
-10.75,26,114.333245
-10.0,21,114.366524
-8.083333,23,114.402185
-9.5,21,114.433224
-11.0,21,114.465351
-7.0,15,114.488356
-7.166667,20,114.519032
-8.5,19,114.548929
-10.416667,22,114.580683
-10.083333,21,114.610151
-11.833333,24,114.644629
-9.416667,22,120.782432
-11.333333,22,120.816172
-8.75,29,120.861889
-9.666667,22,120.893015
-13.25,31,120.938646
-8.25,20,120.977482
-9.916667,23,121.01282
-9.666667,24,121.049693
-4.75,12,121.066283
-8.333333,23,121.100949
-17.416667,36,121.151185
-6.666667,21,121.181278
-16.25,33,121.22789
-7.583333,18,121.253731
-6.166667,15,121.275287
-12.25,26,121.312396
-7.583333,16,121.335373
-11.666667,24,121.369924
-11.583333,32,121.419889
-10.25,24,121.458084
-5.833333,18,121.485572
-8.416667,18,121.511302
-7.666667,20,121.539915
-10.25,22,121.571338
-6.0,15,121.592718
-6.583333,19,121.619805
-10.083333,27,121.657988
-7.75,17,121.684403
-11.0,22,121.719
-8.916667,23,121.753486
-13.166667,26,121.791996
-8.0,19,121.82216
-11.166667,26,121.860377
-8.25,18,121.888751
-9.166667,21,121.919115
-9.916667,19,121.944582
-14.333333,30,121.991413
-8.166667,20,122.023864
-7.416667,18,122.051985
-8.166667,21,122.08505
-8.0,17,122.109832
-6.083333,15,122.130421
-10.75,29,122.169801
-7.333333,17,122.193854
-9.833333,31,122.245967
-9.75,25,122.298565
-8.416667,21,122.333582
-8.833333,19,122.363642
-7.583333,17,122.389841
-8.583333,21,122.424536
-7.75,18,122.456393
-9.166667,20,122.489197
-9.25,25,122.529952
-11.416667,23,122.562601
-9.25,24,122.595843
-12.0,27,122.634297
-7.833333,22,122.664758
-9.666667,20,122.692432
-7.416667,17,122.716915
-6.666667,19,122.74471
-6.25,15,122.768449
-8.5,18,122.797225
-11.833333,27,122.839998
-6.583333,15,122.862773
-8.833333,20,122.892747
-6.5,16,122.915407
-8.416667,19,122.941689
-8.5,22,122.973754
-8.0,21,123.007183
-11.083333,21,123.037607
-9.0,23,123.070786
-8.5,19,123.098135
-14.833333,25,123.134471
-9.166667,19,123.164205
-6.25,16,123.189038
-11.166667,36,123.241387
-5.666667,16,123.26397
-5.666667,17,123.287963
-12.416667,24,123.322789
-10.75,22,123.354713
-5.916667,14,123.374943
-11.75,23,123.407988
-9.75,23,123.441375
-7.416667,21,123.471668
-12.416667,27,123.511118
-7.75,17,123.538671
-8.833333,22,123.571069
-8.0,18,123.596799
-6.25,15,123.618113
-8.083333,23,123.650193
-8.5,19,123.676782
-16.083333,31,123.721421
-7.25,22,123.754866
-9.583333,27,123.7964
-9.5,20,123.827387
-5.916667,15,130.988911
-7.916667,19,131.016867
-11.333333,24,131.054232
-10.916667,24,131.092509
-6.083333,14,131.113495
-11.25,23,131.146014
-9.583333,20,131.177747
-7.5,19,131.204944
-7.916667,20,131.232058
-8.916667,17,131.255543
-5.416667,13,131.274562
-6.833333,16,131.297613
-11.75,30,131.339745
-8.166667,20,131.368164
-7.0,18,131.393609
-6.916667,17,131.417659
-5.416667,13-12.083333,-10.0,22,131.466328
-10.25,21,131.-10.5,25-6.583333,18,-9.916667,2-13.083333,25,-13.333333,3-11.0,23,131.6-10.583-7.083333,17,131.62-10.4-9.583333,21,131.6587-10.-12.333333,25,131.694-7.08-6.75,16,131.720135-14.25,30,131.89714
-10.5,23,131.930235
-7.083333,16,131.953139--5.75,14,131.97342
-6.666667,20,132.001868
-9.416667,22,132.033912
-8.083333,23,132.066933
-12.583333,29,132.110779
-9.25,27,132.153328
-9.0,22,132.184381
-6.666667,18,132.2097-11.-11.833333,24,132.244142
-7.083333-12.916667,28,13-9.25,21,-10.833333,2-6.833333,17,1-9.916667,24,132.215314
-6.333333,16,132.241191
-5.5,14,132-6.916667-9.25,20,132.29-10.0,-6.833333,15,13-16.583333,38,132.491539
-8.916667,21,132.524823
-8.833333,20,132.555932
-7.916667,18,132.584595
-6.166667,15,132.608329
-6.166667,16,132.630675
-14.916667,30,132.672031
-9.833333,27,132.714193
-10.416667,25,132.75297
-5.75,18,132.-10.1666-5.75,13,132.79756-8.-7.75,20,132.826784
-10.0,23,132.859782
--10.166667,22,132.7-8.8333-9.416667,22,132.7-5.4166-6.916667,18,132.8-7.9166-6.083333,13,132.8-10.166667,27,132.996743
-6.333-11.0,25,132.893078-13.5,29,133.060934
-8.25,18,133.088961
-6.0,1-8.916667,24,1-8.833333,2-7.5,17,133.00-6.333-7.0,17,133.032255-11.333333,28,133.203407
-10.083333,19,133.230531
-9.5,23,133.267413
-10.833333,26,133.3045-11.-9.0,20,133.332339
-9.416667,23,133.36561-7.-10.833333,24,133.4002-13.-12.833333,24,133-10.16666-8.833333,19,133.46216
-9.166667,18,133.4-12.25,-6.583333,15,13-6.25,19,1-7.0,16,133-9.083333-12.416667,29,13-5.916667,-6.833333,18,133.603739
-10.333333,22,133.639517
-9.916667,21,133.671606
-8.833333,22,133.704763
-10.916667,22,133.740336
-6.5,14,133.762753
-6.333333,14,13-8.5,20,13-7.416667,-13.333333,29,1-12.0,25,1-7.583333,1-15.25,27,133.880902
-11.166667,29,133.920923
-8.5,25,133.955332
-6.666667,19,133.985248
-7.416667,17,134.012511
-8.916667,21,134.046102
-14.416667,29,134.091423
-9.833333,20,134.122962
-8.166667,18,140.707916
-8.166667,22,140.74038
-10.333333,23,140.773669
-8.333333,19,140.801029
-6.416667,17,140.826064
-7.666667,20,140.854621
-9.833333,27,140.892703
-9.333333,21,140.923173
-4.833333,12,140.942929
-9.416667,23,140.979698
--12.333333,28,140.8773--9.583333,21,140.909-9.833333,19,141.069928
-10.25,25,141.103763
-13.416667,28,141.142541
-7.083333,16,141.165825
-8.083333,20,141.194107-1-9.25,24,141.229252
-9.416667,20,141.258315
-6.75,18,141.292823
-9.75,26-11.0,27,141.-9.75,2-14.083333,30,-8.083333,20-9.583333,24,-11.666667,2-7.0,21,141.33-7.083-8.916667,21,141.36-9.5,2-11.416667,22,-12.083333,2-10.166667,22,-9.0,21,141.-13.1666-11.083333,22,141.-8.33333-7.833333,19,141.-7.08333-10.5,22,141.6768-9.-6.5,16,141.698919
-7.25,17,141.723427
-11.666667,27,141.761729
-8.5,23,141.794416
-7.666667,17,141.818844
-7.25,16,141.841867
-12.666667,30,141.884378
-9.333333,21,141.914016
-10.16-12.5,30,141.823664--8.333333,20,141.86-7.833-11.166667,25,141.9-11.25,-7.5,19,141.9-5.9166-6.75,18,141.97204-8.0,22,142.134349
-7.-7.0,22,142.034087
-7.0,17,142.061976
-13.083333,27,142.105656
-8.0,18,142.134158
-10.333333,29,142.175
-10.75,20,142.204592
-6.75,16,142.23042
-9.583333,20,142.261155
-7.583333,21,142.290321
-6.25,16,142.314101
-7.916667,18,142.339554
-7.25,20,142.37057
-9.416667,21,142.413437
-11.583333,24,142.451641
-9.083333,19,142.477911
-5.41666-12.75,25,142.652-9.0-10.083333,20,1-11.166667,-8.166667,21,14-8.666667,-6.916667,20,14-11.583333,25,142.705963
-11.583333,25,142.746399-6-9.166667,21,142.777735-1-9.083333,18,142.806057--7.25,16,142.832872
-10.333333,21,142.86685-7.-8.666667,22,142.-8.91666-9.5,20,142.933043
-6.833333,17,142.9608-9.0-11.25,23,142.995508
-7.916667,23,143.028457
-6.333333,15,143.049-11.4-7.583333,16,143.0727-8.2-6.083333,15,143.-10.8333-12.666667,30,143-10.58333-5.583333,15,143.-9.66666-7.75,17,143.1922-6.3-7.166667,18,143.220--6.8-8.583333,22,14-9.25,-12.-9.583333,2-8.75,19,14-7.-12.166667,26,143.3277-8.4-13.25,27,143.36914
-10.833333,27,143.407641
-13.0,31,143.454139
-9.083333,20,143.484359
-8.833333,19,143.510404
-11.75,30,143.552626
-9.5,20,143.581244
-8.5,20,143.61077
-8.333333,20,143.640374
-10.583333,25,143.711332
-7.833333,20,143.792162
-9.083333,30,143.875373
-8.666667,21,152.042389
-8.5,18,152.08029
-8.416667,22,152.122782
-10.5,26,152.173755
-14.25,31,152.232759
-8.416667,18,152.264414
-8.833333,20,152.298832
-6.75,16,152.322817
-7.083333,18,152.34963
-8.0,22,152.383693
-8.0,17,152.411588
-7.25,18,152.440851
-8.0,18,152.470408
-7.583333,17,152.498418
-11.75,26,152.540157
-6.833333,18,152.56866
-9.5,22,152.603451
-10.25,21,152.636682
-12.25,26,152.67322
-16.916667,33,152.719629
-12.666667,27,152.758027
-12.333333,24,152.79234
-12.166667,28,152.832119
-10.166667,19,152.859131
-9.083333,21,152.889126
-8.75,21,152.922691
-6.833333,16,152.948283
-8.916667,22,152.983839
-10.166667,20,153.014549
-7.0,19,153.044681
-11.5,23,153.080058
-5.666667,14,153.101774
-8.75,23,153.135566
-7.333333,17,153.158265
-8.75,18,153.183351
-9.5,26,153.225777
-11.666667,26,153.266188
-9.0,22,153.298791
-8.416667,19,153.326
-6.416667,15,153.348828
-13.25,27,153.394814
-8.833333,24,153.43162
-5.583333,16,153.456457
-7.083333,16,153.480766
-13.583333,25,153.515205
-8.083333,19,153.541902
-7.25,16,153.564926
-7.166667,16,153.588183
-6.5,20,153.616414
-9.583333,23,153.649833
-9.5,23,153.684122
-7.166667,19,153.714783
-8.833333,20,153.752332
-9.166667,27,153.788366
-10.666667,21,153.818429
-9.0,18,153.843943
-9.916667,21,153.87325
-8.416667,24,153.912534
-9.916667,22,153.957
-6.916667,17,153.989192
-7.833333,19,154.024306
-15.416667,28,154.078086
-13.0,28,154.124603
-12.333333,34,154.181105
-10.833333,24,154.217553
-6.416667,16,154.24026
-7.25,18,154.264706
-6.916667,16,154.287095
-11.333333,26,154.323361
-11.25,24,154.357416
-9.75,22,154.392002
-7.75,19,154.422879
-8.083333,20,154.45143
-11.25,27,154.487929
-6.833333,17,154.511497
-9.166667,21,154.545436
-8.166667,18,154.57285
-10.083333,20,154.601371
-9.416667,19,154.628858
-9.333333,26,154.67185
-12.0,26,154.711622
-11.666667,24,154.748077
-8.0,20,154.774763
-6.416667,14,154.79389
-8.5,19,154.819839
-11.75,25,154.855006
-7.166667,17,154.879191
-10.916667,23,154.916796
-8.75,25,154.977334
-11.75,21,155.019623
-8.083333,20,155.062533
-9.083333,23,155.10026
-9.5,20,155.129226
-11.583333,25,155.174203
-7.75,18,155.200058
-12.5,26,155.238671
3333,17,155.026841
-6.416667,19,155.065713-8-9.666667,21,155.103568
-9.166667,21,155.134458
-7.5,17,155.163674
-7.416667,21,155.198009
-12.416667,25,155.234547
416667,27,155.339499
-7.0,18,155.36639
33,23,155.425781
-6.75,15,155.447956
333333,17,155.008064
-9.583333,21,155.043199
-8.833333,20,155.072144
